<application>
  <component name="NodeJsLocalInterpreterManager">
    <local-interpreter path="/usr/local/bin/node">
      <version-cache version="18.10.0" last-modified="1665506317268" />
    </local-interpreter>
    <local-interpreter path="/usr/local/Cellar/node/18.10.0/bin/node">
      <version-cache version="18.10.0" last-modified="1665506317268" />
    </local-interpreter>
    <local-interpreter path="/usr/local/Cellar/node/18.7.0/bin/node">
      <version-cache last-modified="0" />
    </local-interpreter>
    <local-interpreter path="$USER_HOME$/.nvm/versions/node/v16.13.2/bin/node">
      <version-cache version="16.13.2" last-modified="1641853760000" />
    </local-interpreter>
    <local-interpreter path="$USER_HOME$/.nvm/versions/node/v15.14.0/bin/node">
      <version-cache version="15.14.0" last-modified="1617725158000" />
    </local-interpreter>
    <local-interpreter path="$USER_HOME$/.nvm/versions/node/v14.20.0/bin/node">
      <version-cache version="14.20.0" last-modified="1657168223000" />
    </local-interpreter>
    <local-interpreter path="$USER_HOME$/.nvm/versions/node/v14.17.3/bin/node">
      <version-cache version="14.17.3" last-modified="1625496234000" />
    </local-interpreter>
    <local-interpreter path="$USER_HOME$/.nvm/versions/node/v14.13.0/bin/node">
      <version-cache version="14.13.0" last-modified="1601406084000" />
    </local-interpreter>
    <local-interpreter path="/usr/local/Cellar/node/14.13.0/bin/node">
      <version-cache last-modified="0" />
    </local-interpreter>
    <local-interpreter path="$USER_HOME$/.nvm/versions/node/v13.12.0/bin/node">
      <version-cache last-modified="0" />
    </local-interpreter>
    <local-interpreter path="$USER_HOME$/.nvm/versions/node/v11.8.0/bin/node">
      <version-cache last-modified="0" />
    </local-interpreter>
    <local-interpreter path="/usr/local/Cellar/node/11.7.0/bin/node">
      <version-cache last-modified="0" />
    </local-interpreter>
    <local-interpreter path="$USER_HOME$/.nvm/versions/node/v11.3.0/bin/node">
      <version-cache last-modified="0" />
    </local-interpreter>
    <local-interpreter path="$USER_HOME$/.nvm/versions/node/v8.2.1/bin/node">
      <version-cache last-modified="0" />
    </local-interpreter>
    <local-interpreter path="$USER_HOME$/.nvm/versions/node/v7.6.0/bin/node">
      <version-cache last-modified="0" />
    </local-interpreter>
    <local-interpreter path="$USER_HOME$/.nvm/versions/node/v4.5.0/bin/node">
      <version-cache last-modified="0" />
    </local-interpreter>
  </component>
</application>