<application>
  <component name="FileTypeManager" version="19">
    <extensionMap>
      <mapping pattern="LICENSE" type="AUTO_DETECTED" />
      <mapping pattern="stop_server" type="PLAIN_TEXT" />
      <mapping pattern=".easignore" type="PLAIN_TEXT" />
      <mapping pattern="validate_server" type="PLAIN_TEXT" />
      <mapping pattern=".prettierignore" type="PLAIN_TEXT" />
      <mapping pattern=".eslintignore " type="PLAIN_TEXT" />
      <mapping pattern=".eslint" type="PLAIN_TEXT" />
      <mapping pattern="gitignore" type="PLAIN_TEXT" />
      <mapping pattern="install_dependencies" type="PLAIN_TEXT" />
      <mapping pattern="start_server" type="PLAIN_TEXT" />
      <mapping pattern=".sequelizerc" type="PLAIN_TEXT" />
      <mapping ext="pem" type="PLAIN_TEXT" />
      <mapping ext="crt" type="PLAIN_TEXT" />
      <removed_mapping ext="ignore" approved="true" type="IgnoreLang file" />
      <removed_mapping ext="pdf" approved="true" type="Native" />
      <removed_mapping ext="tf" approved="true" type="Sass" />
      <removed_mapping pattern=".env" approved="true" type="PLAIN_TEXT" />
      <removed_mapping pattern=".prettierignore" approved="true" type="Prettier File" />
    </extensionMap>
  </component>
</application>