<application>
  <component name="GeneralSettings">
    <option name="showTipsOnStartup" value="false" />
    <option name="autoSaveFiles" value="false" />
    <option name="autoSaveIfInactive" value="true" />
    <option name="confirmOpenNewProject2" value="0" />
    <option name="inactiveTimeout" value="30" />
  </component>
  <component name="Registry">
    <entry key="ide.experimental.ui" value="true" source="SYSTEM" />
    <entry key="dumb.aware.run.configurations" value="true" source="SYSTEM" />
    <entry key="debugger.new.tool.window.layout" value="true" source="SYSTEM" />
  </component>
  <component name="StatusBar">
    <option name="widgets">
      <map>
        <entry key="Memory" value="true" />
      </map>
    </option>
  </component>
</application>