<application>
  <component name="ProjectManager">
    <defaultProject>
      <component name="InspectionProjectProfileManager">
        <profile version="1.0">
          <option name="myName" value="Project Default" />
        </profile>
        <version value="1.0" />
      </component>
      <component name="JavaScriptLibraryMappings">
        <includedPredefinedLibrary name="ECMAScript 6" />
      </component>
      <component name="JavaScriptSettings">
        <option name="languageLevel" value="ES6" />
      </component>
      <component name="JsBowerSettings">
        <exe-path />
        <config-path />
      </component>
      <component name="JsFlowSettings">
        <service-enabled>false</service-enabled>
        <exe-path />
        <annotation-enable>false</annotation-enable>
        <other-services-enabled>false</other-services-enabled>
      </component>
      <component name="PropertiesComponent"><![CDATA[{}]]></component>
      <component name="accountSettings">
        <option name="activeProfile" value="profile:default" />
        <option name="activeRegion" value="us-east-1" />
        <option name="recentlyUsedProfiles">
          <list>
            <option value="profile:default" />
          </list>
        </option>
        <option name="recentlyUsedRegions">
          <list>
            <option value="us-east-1" />
          </list>
        </option>
      </component>
    </defaultProject>
  </component>
</application>