<application>
  <component name="Trusted.Paths">
    <option name="TRUSTED_PROJECT_PATHS">
      <map>
        <entry key="$USER_HOME$/.zprezto" value="true" />
        <entry key="$USER_HOME$/mountain/a2" value="true" />
        <entry key="$USER_HOME$/mountain/ad-builder" value="true" />
        <entry key="$USER_HOME$/mountain/audience-service" value="true" />
        <entry key="$USER_HOME$/mountain/audience-targeting" value="true" />
        <entry key="$USER_HOME$/mountain/command-center" value="true" />
        <entry key="$USER_HOME$/mountain/creative-service-2" value="true" />
        <entry key="$USER_HOME$/mountain/gary-ql" value="true" />
        <entry key="$USER_HOME$/mountain/notification-service" value="true" />
        <entry key="$USER_HOME$/mountain/payment-service" value="true" />
        <entry key="$USER_HOME$/mountain/premier-ui" value="true" />
        <entry key="$USER_HOME$/mountain/select-app" value="true" />
        <entry key="$USER_HOME$/mountain/third-party-audience-service" value="true" />
        <entry key="$USER_HOME$/mountain/ui-dev-proxy" value="true" />
        <entry key="$USER_HOME$/mountain/ui-styleguide" value="true" />
      </map>
    </option>
  </component>
  <component name="Trusted.Paths.Settings">
    <option name="TRUSTED_PATHS">
      <list>
        <option value="$USER_HOME$/mountain" />
        <option value="$USER_HOME$" />
      </list>
    </option>
  </component>
</application>