<application>
  <component name="DimensionService">
    <location key="find.popup.0.0.4112.2658@192dpi" x="358" y="88" />
    <location key="find.popup.0.0.6016.3384@192dpi" x="810" y="138" />
    <size key="find.popup.0.0.4112.2658@192dpi" width="2552" height="2472" />
    <size key="GridCell.Tab.0.left.0.0.4112.2658@192dpi" width="1402" height="452" />
    <size key="GridCell.Tab.0.center.0.0.4112.2658@192dpi" width="1402" height="452" />
    <size key="GridCell.Tab.0.right.0.0.4112.2658@192dpi" width="1402" height="452" />
    <size key="GridCell.Tab.0.bottom.0.0.4112.2658@192dpi" width="1402" height="452" />
    <size key="GridCell.Tab.1.left.0.0.4112.2658@192dpi" width="2058" height="722" />
    <size key="GridCell.Tab.1.center.0.0.4112.2658@192dpi" width="2058" height="722" />
    <size key="GridCell.Tab.1.right.0.0.4112.2658@192dpi" width="2058" height="722" />
    <size key="GridCell.Tab.1.bottom.0.0.4112.2658@192dpi" width="2058" height="722" />
    <size key="GridCell.Tab.2.left.0.0.4112.2658@192dpi" width="2058" height="722" />
    <size key="GridCell.Tab.2.center.0.0.4112.2658@192dpi" width="2058" height="722" />
    <size key="GridCell.Tab.2.right.0.0.4112.2658@192dpi" width="2058" height="722" />
    <size key="GridCell.Tab.2.bottom.0.0.4112.2658@192dpi" width="2058" height="722" />
    <size key="GridCell.Tab.3.left.0.0.4112.2658@192dpi" width="2058" height="722" />
    <size key="GridCell.Tab.3.center.0.0.4112.2658@192dpi" width="2058" height="722" />
    <size key="GridCell.Tab.3.right.0.0.4112.2658@192dpi" width="2058" height="722" />
    <size key="GridCell.Tab.3.bottom.0.0.4112.2658@192dpi" width="2058" height="722" />
    <size key="GridCell.Tab.0.left.0.0.6016.3384@192dpi" width="2458" height="770" />
    <size key="GridCell.Tab.0.center.0.0.6016.3384@192dpi" width="2458" height="770" />
    <size key="GridCell.Tab.0.right.0.0.6016.3384@192dpi" width="2458" height="770" />
    <size key="GridCell.Tab.0.bottom.0.0.6016.3384@192dpi" width="2458" height="770" />
    <size key="GridCell.Tab.1.left.0.0.6016.3384@192dpi" width="3100" height="994" />
    <size key="GridCell.Tab.1.center.0.0.6016.3384@192dpi" width="3100" height="994" />
    <size key="GridCell.Tab.1.right.0.0.6016.3384@192dpi" width="3100" height="994" />
    <size key="GridCell.Tab.1.bottom.0.0.6016.3384@192dpi" width="3100" height="994" />
    <size key="GridCell.Tab.2.left.0.0.6016.3384@192dpi" width="3100" height="994" />
    <size key="GridCell.Tab.2.center.0.0.6016.3384@192dpi" width="3100" height="994" />
    <size key="GridCell.Tab.2.right.0.0.6016.3384@192dpi" width="3100" height="994" />
    <size key="GridCell.Tab.2.bottom.0.0.6016.3384@192dpi" width="3100" height="994" />
    <size key="GridCell.Tab.3.left.0.0.6016.3384@192dpi" width="3100" height="994" />
    <size key="GridCell.Tab.3.center.0.0.6016.3384@192dpi" width="3100" height="994" />
    <size key="GridCell.Tab.3.right.0.0.6016.3384@192dpi" width="3100" height="994" />
    <size key="GridCell.Tab.3.bottom.0.0.6016.3384@192dpi" width="3100" height="994" />
    <size key="find.popup.0.0.6016.3384@192dpi" width="3166" height="2200" />
  </component>
  <component name="WindowManager">
    <frame x="218" y="25" width="2790" height="1618" />
  </component>
  <component name="WindowStateApplicationService">
    <state width="637" height="127" key="ShowUsagesActions.dimensionServiceKey" timestamp="1741193527970">
      <screen x="0" y="25" width="3008" height="1618" />
    </state>
    <state width="637" height="127" key="ShowUsagesActions.dimensionServiceKey/0.25.3008.1618" timestamp="1741193527970" />
    <state width="690" height="127" key="ShowUsagesActions.dimensionServiceKey/0.44.2056.1236" timestamp="1741057278851" />
    <state width="439" height="575" key="Vcs.CompareWithSelectedRevision.Popup" timestamp="1738871152518">
      <screen x="0" y="25" width="3008" height="1618" />
    </state>
    <state width="439" height="575" key="Vcs.CompareWithSelectedRevision.Popup/0.25.3008.1618" timestamp="1738871152518" />
    <state x="1028" y="564" width="800" height="650" key="WELCOME_SCREEN" timestamp="1740145781610">
      <screen x="0" y="44" width="2056" height="1236" />
    </state>
    <state x="1504" y="673" width="800" height="654" key="WELCOME_SCREEN/0.25.3008.1618" timestamp="1738852200564" />
    <state x="1028" y="564" width="800" height="650" key="WELCOME_SCREEN/0.44.2056.1236" timestamp="1740145781610" />
  </component>
</application>