<application>
  <component name="ProjectManager">
    <defaultProject>
      <component name="InspectionProjectProfileManager">
        <profile version="1.0">
          <option name="myName" value="Project Default" />
        </profile>
        <version value="1.0" />
      </component>
      <component name="JavaScriptLibraryMappings">
        <includedPredefinedLibrary name="ECMAScript 6" />
      </component>
      <component name="JavaScriptSettings">
        <option name="languageLevel" value="ES6" />
      </component>
      <component name="JsBowerSettings">
        <exe-path />
        <config-path />
      </component>
      <component name="JsFlowSettings">
        <service-enabled>false</service-enabled>
        <exe-path />
        <annotation-enable>false</annotation-enable>
        <other-services-enabled>false</other-services-enabled>
      </component>
      <component name="PropertiesComponent">
        <property name="HbShouldOpenHtmlAsHb" value="" />
        <property name="JavaScriptPreferStrict" value="false" />
        <property name="JavaScriptWeakerCompletionTypeGuess" value="true" />
        <property name="js.eslint.eslintPackage" value="" />
        <property name="nodejs_interpreter_path.stuck_in_default_project" value="$USER_HOME$/.nvm/versions/node/v7.6.0/bin/node" />
        <property name="nodejs_npm_path_reset_for_default_project" value="true" />
        <property name="settings.editor.selected.configurable" value="preferences.pluginManager" />
      </component>
    </defaultProject>
  </component>
</application>